{
  "Version": "2012-10-17",
  "Statement": [
    {
      "Effect": "Allow",
      "Action": [
        "s3:GetBucketVersioning",
        "s3:GetObject",
        "s3:GetObjectVersion",
        "s3:PutObject"
      ],
      "Resource": "*"
    },
    {
      "Effect": "Allow",
      "Action": [
        "codebuild:BatchGetBuilds",
        "codebuild:StartBuild"
      ],
      "Resource": "*"
    },
    {
      "Effect": "Allow",
      "Action": [
        "ecs:DescribeServices",
        "ecs:DescribeTaskDefinition",
        "ecs:DescribeTasks",
        "ecs:ListTasks",
        "ecs:RegisterTaskDefinition",
        "ecs:UpdateService"
      ],
      "Resource": "*"
    },
    {
      "Effect": "Allow",
      "Action": [
        "iam:PassRole"
      ],
      "Resource": "*"
    }
  ]
}
