{
  "executionRoleArn": "${EXECUTION_ROLE_ARN}",
  "taskRoleArn": "${TASK_ROLE_ARN}",
  "containerDefinitions": [
    {
      "name": "${CONTAINER_NAME}",
      "image": "${REPOSITORY_URI}:${IMAGE_TAG}",
      "essential": true,
      "portMappings": [
        {
          "hostPort": 80,
          "protocol": "tcp",
          "containerPort": 80
        }
      ],
      "logConfiguration": {
        "logDriver": "awslogs",
        "options": {
          "awslogs-group": "${LOG_GROUP_NAME}",
          "awslogs-region": "${AWS_REGION}",
          "awslogs-stream-prefix": "e-commerce-service"
        }
      }
    }
  ],
  "requiresCompatibilities": [
    "FARGATE"
  ],
  "networkMode": "awsvpc",
  "cpu": "${TASK_CPU}",
  "memory": "${TASK_MEMORY}",
  "family": "${TASK_FAMILY}"
}